                                                                                                   product_name                                                                                                    | purchase_count | total_spent |     first_purchase      |      last_purchase      
-------------------------------------------------------------------------------------------------------------------------------------------------------------------------------------------------------------------+----------------+-------------+-------------------------+-------------------------
 Theragun Elite Ultra-Quiet Handheld Deep Tissue Massage Gun - Bluetooth Enabled Percussion & Personal Massager for Pain Relief in Neck, Back, Leg, Hand, Shoulder and Foot (Black - 5th Gen)                      |              2 |      396.48 | 2024-06-19 01:31:24.245 | 2024-06-19 01:47:19
 IAMS Small & Toy Breed Adult Dry Dog Food for Small Dogs with Real Chicken, 7 lb. Bag                                                                                                                             |             17 |      242.50 | 2023-01-28 16:35:36     | 2025-02-24 05:39:56
 5 Gum Spearmint Rain Sugar Free Chewing Gum Bulk, 15 Stick Box (Pack of 10)                                                                                                                                       |             16 |      236.97 | 2024-05-10 19:23:43     | 2025-12-10 15:27:13
 Nostalgia Popcorn Maker Machine - Professional Cart With 8 Oz Kettle Makes Up to 32 Cups - Vintage Popcorn Machine Movie Theater Style - Red                                                                      |              1 |      217.24 | 2023-12-11 02:07:08     | 2023-12-11 02:07:08
 New and Improved Baby Brezza Formula Pro Advanced Formula Dispenser Machine - Automatically Mix a Warm Formula Bottle Instantly - Easily Make Bottle with Automatic Powder Blending                               |              1 |      216.16 | 2023-09-07 00:10:40     | 2023-09-07 00:10:40
 Real Good Coffee Company - Whole Bean Coffee - Donut Shop Medium Roast Coffee Beans - 2 Pound Bag - 100% Whole Arabica Beans - Grind at Home, Brew How You Like                                                   |              9 |      151.14 | 2023-01-02 09:12:56     | 2023-08-07 20:18:18.845
 All-new Ring Battery Doorbell, Head-to-Toe Video, Live View with Two-Way Talk, and Motion Detection & Alerts (2024 release), Satin Nickel                                                                         |              1 |       97.76 | 2024-11-09 23:45:16     | 2024-11-09 23:45:16
 Ring Stick Up Cam Battery | Weather-Resistant Outdoor Camera, Live View, Color Night Vision, Two-way Talk, Motion alerts, Works with Alexa | White                                                                |              1 |       97.75 | 2024-11-09 23:45:16     | 2024-11-09 23:45:16
 Every Man Jack Eucalyptus Mint Mens Body Wash for All Skin Types - Cleanse, Nourish, and Hydrate Skin with Naturally Derived Ingredients - Paraben Free, Phthalate Free, Dye Free - 33.8oz - 2pack                |              5 |       82.08 | 2024-02-05 15:19:55.6   | 2025-08-31 04:34:00
 Merrell mens MOAB 2 WTPF Hiking Shoe, Beluga, 10.5 US                                                                                                                                                             |              1 |       73.23 | 2023-03-29 02:15:57     | 2023-03-29 02:15:57
 Amazon Basic Care Coated Nicotine Polacrilex Gum 2 mg, Cool Mint Flavor, Stop Smoking Aid, 160 Count                                                                                                              |              2 |       72.52 | 2024-02-13 03:46:19     | 2024-02-28 14:54:41
 Merrell mens MOAB 2 WTPF Hiking Shoe, Beluga, 10 US                                                                                                                                                               |              1 |       67.95 | 2023-04-16 14:33:37     | 2023-04-16 14:33:37
 Swiffer Wetjet Wood Floor Cleaner Solution Refill, 42.2 Oz - 2 Pack                                                                                                                                               |              7 |       66.02 | 2024-07-04 23:57:36     | 2025-10-09 00:40:00
 SodaStream bubly Drops, Cherry, 1.36 Fl Oz (Pack of 3)                                                                                                                                                            |              3 |       65.28 | 2025-03-03 17:59:00     | 2025-12-02 03:25:57
 Coleman 4-Person Sundome Tent, Navy                                                                                                                                                                               |              1 |       65.15 | 2024-07-18 00:40:01     | 2024-07-18 00:40:01
 Listerine Freshburst Antiseptic Mouthwash for Bad Breath, Kills 99% of Germs That Cause Bad Breath & Fight Plaque & Gingivitis, ADA Accepted Mouthwash, Spearmint, 1 L, Pack of 2                                 |              5 |       64.79 | 2023-01-09 17:31:32     | 2023-12-29 16:18:08
 ODK Small Desk with Fabric Drawers- for Bedroom, White Vanity Desk with Storage, Home Office Computer Desk for Small Spaces, 32 Inch Modern Work Writing Study Table, White                                       |              1 |       62.68 | 2024-09-16 18:54:33     | 2024-09-16 18:54:33
 Nespresso Capsules VertuoLine, Double Espresso Chiaro, Medium Roast Coffee, 10 Count (Pack of 3) Coffee Pods, Brews 2.7 Ounce (VERTUOLINE ONLY)                                                                   |              2 |       58.84 | 2023-10-06 15:14:38     | 2024-01-01 18:31:37
 Nespresso Capsules VertuoLine, Double Espresso Chiaro, Medium Roast Coffee, 30 Count Coffee Pods, Brews 2.7 Ounce (VERTUOLINE ONLY)                                                                               |              2 |       58.80 | 2023-07-21 14:56:03     | 2023-08-04 16:49:51
 Owala FreeSip Insulated Stainless Steel Water Bottle with Straw for Sports and Travel, BPA-Free, 24-oz, Retro Boardwalk                                                                                           |              2 |       54.30 | 2023-05-15 20:46:35     | 2023-05-31 18:39:42
 DILYPOD Personalized First Mothers Day Shirt 2025, Custom Our First Mothers Day Shirt, Mother's Day Matching Outfit, Mommy and Me Matching Outfits, New Mom Gift, 1st Mother's Day Tshirt Set 1                   |              2 |       52.47 | 2025-05-02 23:35:15.499 | 2025-05-02 23:41:52
 Swiffer WetJet Mops for Floor Cleaning, Hardwood Floor Cleaner, Mopping Refill Bundle, Includes: 20 Pads, 1 Cleaning Solution                                                                                     |              3 |       52.05 | 2023-02-16 20:16:34     | 2024-02-13 18:22:14
 melin A-Game Hydro, Performance Snapback Hat, Water-Resistant Baseball Cap for Men & Women, Heather Light Blue, Small                                                                                             |              1 |       50.53 | 2023-11-28 00:56:45     | 2023-11-28 00:56:45
 melin A-Game Hydro, Performance Snapback Hat, Water-Resistant Baseball Cap for Men & Women, Heather Light Blue, Medium-Large                                                                                      |              1 |       50.53 | 2023-11-28 00:56:45     | 2023-11-28 00:56:45
 Amazon Basics 24-Pack D Cell Alkaline All-Purpose Batteries, 1.5 Volt, 5-Year Shelf Life                                                                                                                          |              2 |       47.61 | 2024-08-12 22:04:52     | 2025-02-09 00:01:20
 New Era 59Fifty Hat MLB Basic New York Yankees Black/Black Fitted Baseball Cap (7 1/8)                                                                                                                            |              1 |       45.95 | 2023-06-06 19:54:02     | 2023-06-06 19:54:02
 Amazon Basic Care Nicotine Polacrilex Coated Gum 4 mg (nicotine), Cool Mint Flavor, Stop Smoking Aid, 160 Count                                                                                                   |              1 |       45.23 | 2024-01-26 15:17:40     | 2024-01-26 15:17:40
 Sexy Elegant Women Sequin Gallus, V Neck Sparkle Shift Dress, Sparkly Glitter Dress, Party Sparkle Loose, Party Night Out Glitter Short Dress Silver                                                              |              1 |       44.98 | 2024-05-17 14:05:05     | 2024-05-17 14:05:05
 Hefty Ultra Strong Tall Kitchen Trash Bags, Lavender & Sweet Vanilla Scent, 13 Gallon, 80 Count                                                                                                                   |              3 |       43.88 | 2023-01-07 16:21:05     | 2025-09-24 02:17:29
 Anker Nano Magnetic Wireless Car Charger, 360° Adjustable Mount Car Charger with Detachable Pad, 15W Qi2 Certified with Alloy Bracket, Fast Charging for iPhone 16/15/14/13/12 Series (Adapter Included)          |              1 |       43.44 | 2025-08-15 14:07:08     | 2025-08-15 14:07:08
 Filterbuy 14x30x1 Air Filter MERV 8 Dust Defense (4-Pack), Pleated HVAC AC Furnace Air Filters Replacement (Actual Size: 13.88 x 29.88 x 0.75 Inches)                                                             |              1 |       43.06 | 2024-11-03 12:55:56     | 2024-11-03 12:55:56
 FUNJULY Maternity Dress Womens Spaghetti Strap Floral Maxi Dress Ruffled High Waisted Backless Pleated Dress for Baby Shower Floral 1Pink M                                                                       |              1 |       41.84 | 2024-05-16 17:21:15     | 2024-05-16 17:21:15
 New Era 59Fifty Hat MLB Basic New York Yankees Black/Black Fitted Baseball Cap (7 1/4)                                                                                                                            |              1 |       41.71 | 2023-06-04 23:47:00     | 2023-06-04 23:47:00
 Spigen Tempered Glass Screen Protector [GlasTR EZ FIT] designed for iPhone 16 Pro Max [2 Pack]                                                                                                                    |              2 |       41.26 | 2024-09-14 14:18:00     | 2024-09-26 00:39:21
 1989 (Taylor's Version)[2 LP]                                                                                                                                                                                     |              1 |       41.26 | 2023-10-27 18:35:10     | 2023-10-27 18:35:10
 Robeez Baby Boys and Unisex Soft Soles Slip-Resistant Crib Shoes Slippers for Infant and Toddler,Stylish Steve Grey,12-18 Months                                                                                  |              1 |       39.76 | 2025-10-23 17:30:35     | 2025-10-23 17:30:35
 PRETTYGARDEN 2 Piece Outfits for Women 2023 Summer Short Sleeve Wrap V Neck Crop Tops Wide Leg Pants Set (Bean Green,Medium)                                                                                      |              1 |       39.75 | 2023-04-24 03:32:43     | 2023-04-24 03:32:43
 PRETTYGARDEN Women's Floral Maxi Dress 2024 Knot One Shoulder Sleeveless Ruffle Hem Flowy Boho Dresses(Black Blue,Medium)                                                                                         |              1 |       39.33 | 2024-05-16 17:21:15     | 2024-05-16 17:21:15
 Filtrete 14x30x1 Air Filter, MPR 1000, MERV 11, Micro Allergen Defense 3-Month Pleated 1-Inch Air Filters, 2 Filters                                                                                              |              1 |       39.05 | 2023-12-01 15:46:49     | 2023-12-01 15:46:49
 Banana Boat Sport Ultra SPF 30 Sunscreen Spray Twin Pack | Banana Boat Sunscreen Spray SPF 30, Spray On Sunscreen, Water Resistant Sunscreen, Oxybenzone Free Sunscreen Pack, 6oz each                            |              2 |       38.55 | 2024-06-19 01:31:24.245 | 2024-06-19 01:47:19
 Amazon Basics Tall Kitchen Drawstring Trash Bags, 13 Gallon, 120 Count, Pack of 1                                                                                                                                 |              2 |       38.40 | 2024-07-27 01:53:12     | 2025-01-11 01:39:03
 Only God Was Above Us                                                                                                                                                                                             |              1 |       37.74 | 2024-04-04 14:57:03     | 2024-04-04 14:57:03
 Conair Handheld Garment Steamer for Clothes, Turbo ExtremeSteam 1550W, Portable Handheld Design, Strong Penetrating Steam - Amazon Exclusive in Plum                                                              |              1 |       37.48 | 2023-07-11 18:33:15     | 2023-07-11 18:33:15
 Amazon Basics Aluminum Foil, 250 Sq Ft, pack of 1 (Previously Solimo)                                                                                                                                             |              3 |       37.29 | 2023-01-13 13:44:59     | 2023-11-24 02:27:13
 Live At Bonnaroo '22 (ORANGE BUZZSAW SHAPED VINYL)                                                                                                                                                                |              1 |       34.75 | 2023-02-16 20:16:34     | 2023-02-16 20:16:34
 Nespresso Capsules VertuoLine, Double Espresso Chiaro, Medium Roast Espresso Coffee, 30 Count Coffee Pods, Brews 2.7 Ounce                                                                                        |              1 |       34.50 | 2023-02-11 16:35:20     | 2023-02-11 16:35:20
 Love to Dream Swaddle UP, Baby Sleep Sack, Self-Soothing Swaddles for Newborns, Improves Sleep, Snug Fit Helps Calm Startle Reflex, New Born Essentials for Baby, 1.0 TOG, 13-19 lbs, Gray                        |              1 |       34.47 | 2025-01-01 01:38:02     | 2025-01-01 01:38:02
 Love to Dream Swaddle UP, Baby Sleep Sack, Self-Soothing Swaddles for Newborns, Improves Sleep, Snug Fit Helps Calm Startle Reflex, New Born Essentials for Baby, Small 8-13lbs, Gray                             |              1 |       34.47 | 2025-01-01 01:38:02     | 2025-01-01 01:38:02
 Optimum Nutrition Gold Standard 100% Whey Protein Powder, Vanilla Ice Cream, 2 Pound (Packaging May Vary)                                                                                                         |              1 |       34.00 | 2023-01-21 14:14:09     | 2023-01-21 14:14:09
 Molly's Suds Baby Liquid Laundry Detergent | Removes Formula, Poop & Spit-Up Stains | Extra Gentle for Infants, Babies, Toddlers (Fragrance Free, 200 Loads)                                                      |              1 |       33.88 | 2025-07-09 14:33:30     | 2025-07-09 14:33:30
 miduo Women's Tank Tops Summer Casual Fashion Sequin V Neck Strappy Tanks Tops Cami Shirts Sleeveless Tops Blouses for Women Silver M                                                                             |              1 |       33.47 | 2024-05-17 14:07:19     | 2024-05-17 14:07:19
 Random Access Memories (10th Anniversary)                                                                                                                                                                         |              1 |       33.45 | 2023-12-21 16:40:02     | 2023-12-21 16:40:02
 IAMS Proactive Health Small Breed Adult Dry Dog Food with Real Chicken, 7 lb. Bag                                                                                                                                 |              2 |       32.98 | 2024-10-04 20:17:35     | 2025-04-16 21:09:32
 IAMS Proactive Health Small Breed Dog Food Dry with Real Chicken, 7 lb. Bag                                                                                                                                       |              3 |       32.96 | 2025-07-20 12:33:03.561 | 2025-11-03 12:08:15
 Logitech Brio 101 Full HD 1080p Webcam Made for Meetings and Works for Streaming - Auto-Light Balance, Built-in Mic, Privacy Shutter, USB-A, for Microsoft Teams, Google Meet, Zoom, and More - Black             |              1 |       32.58 | 2023-11-24 15:54:09     | 2023-11-24 15:54:09
 iRobot Authentic Replacement Parts - Replenishment Kit Compatible with all Roomba e Series, i1, i1+, i3, i3+, i4, i4+, i5, i5+, i7, i7+, i8+, j5, j5+, j7, j7+, j8, j8+, j9+                                      |              1 |       32.58 | 2024-07-17 21:08:51     | 2024-07-17 21:08:51
 White and Rose Gold Party Supplies - 350 PCS Disposable Dinnerware Set - White Paper Plates Napkins Cups, Gold Plastic Forks Knives Spoon for Graduation, Birthday, Cocktail Party                                |              1 |       32.58 | 2023-05-30 14:28:17     | 2023-05-30 14:28:17
 IAMS Proactive Health Small Breed Dog Food Dry with Real Chicken, 15 lb. Bag                                                                                                                                      |              1 |       32.57 | 2025-06-06 01:54:07     | 2025-06-06 01:54:07
 Silver Dance Pants for Women Y2k Wide Leg Sequins Pants Elastic High Waisted Bling White Loose Bottoms Sparkle Pants Women for Festival Rave Party Pants Womens Holiday Pants Streetwear Silver M                 |              1 |       32.32 | 2024-05-17 14:05:05     | 2024-05-17 14:05:05
 International Travel Adapter Voltage Converter to Step Down 230V to 120V for Hair straighteners, laptops, Cell Phones, Power converters from USA to UK, Europe, Australia Over 200 Countries                      |              1 |       32.20 | 2024-05-19 02:19:46     | 2024-05-19 02:19:46
 5 Gum Spearmint Rain Sugarfree Gum, 15 Piece (10 pack)                                                                                                                                                            |              2 |       31.56 | 2023-11-24 15:54:09     | 2024-02-02 16:02:33
 Yuzonc Camping Sleeping Pad, Ultralight Camping Mat with Pillow Built-in Foot Pump Inflatable Sleeping Pads Compact for Camping Backpacking Hiking Traveling Tent                                                 |              1 |       31.47 | 2024-07-18 00:40:01     | 2024-07-18 00:40:01
 vitafusion PreNatal Gummy Vitamins, Raspberry Lemonade Flavored, Pregnancy Vitamins for Women, With Folate and DHA, America's Number 1 Gummy Vitamin Brand, 45 Day Supply, 90 Count (Pack of 1)                   |              4 |       31.40 | 2024-05-09 02:00:28     | 2024-07-17 21:08:51
 Calvin Klein Men's Dress Shirts Slim Fit Non Iron Solid, White, 16.5" Neck 32"-33" Sleeve                                                                                                                         |              1 |       31.38 | 2024-04-26 17:53:28     | 2024-04-26 17:53:28
 Swiffer WetJet Hardwood Floor Cleaner Spray Mop Pad Refill, Bathroom Cleaning Supplies, Hardwood Floor Cleaner, Multi Surface, 24 Count                                                                           |              2 |       31.38 | 2025-05-21 18:21:35     | 2025-12-22 22:38:01
 Cholula Original Hot Sauce 12 fl oz Multipack (Great Hot Sauce Lover Gift Set), 3 count                                                                                                                           |              3 |       30.76 | 2024-02-26 16:34:10.454 | 2024-09-08 04:04:17
 Swiffer WetJet Hardwood and Floor Spray Mop Cleaner Starter Kit, Includes: 1 Power Mop, 10 Pads, Cleaning Solution, Batteries                                                                                     |              1 |       30.68 | 2023-06-25 13:09:58     | 2023-06-25 13:09:58
 Owala FreeSip Insulated Stainless Steel Water Bottle with Straw for Sports and Travel, BPA-Free, 24-oz, Blue/Teal (Denim)                                                                                         |              1 |       30.40 | 2024-02-01 03:20:18     | 2024-02-01 03:20:18
 wexcen Womens Floral Printed Jumpsuits Casual Sleeveless Spaghetti Strap Rompers Wide Leg Pants with Two Pockets (Salmon Tie Dye, M)                                                                              |              1 |       29.83 | 2023-04-24 03:32:43     | 2023-04-24 03:32:43
 Simple Joys by Carter's Boys' 2-Pack 1-Piece Zip Rashguards, Turtle/Whale, 3-6 Months                                                                                                                             |              1 |       29.76 | 2025-02-02 21:02:34     | 2025-02-02 21:02:34
 One A Day Men's Multivitamin, Supplement Tablet with Vitamin A, Vitamin C, Vitamin D, Vitamin E and Zinc for Immune Health Support, B12, Calcium & more, 200 count (Packaging May Vary)                           |              2 |       29.72 | 2024-02-21 00:21:35     | 2025-02-11 02:30:02
 Nespresso Descaling Solution, Fits all Models, 2 Packets                                                                                                                                                          |              2 |       29.49 | 2024-12-02 02:26:42     | 2024-12-17 16:50:47
 GoodtoU Kids Hangers 100 Pack Baby Hangers for Closet Toddler Hangers Plastic White Childrens Hangers Small Hangers 10.24inch                                                                                     |              1 |       29.32 | 2024-07-08 16:22:11     | 2024-07-08 16:22:11
 Every Man Jack Men's Body Wash - Eucalyptus Mint | 33.8-ounce Twin Pack - 2 Bottles Included | Naturally Derived, Parabens-free, Pthalate-free, Dye-free, and Certified Cruelty Free                              |              1 |       29.32 | 2023-01-03 13:49:31     | 2023-01-03 13:49:31
 Ekouaer Maternity Dress Rib Knit Short Sleeve Bodycon Dresses Casual Stretchy Pregnancy Baby Shower Clothes Mint Green Medium                                                                                     |              1 |       29.28 | 2024-05-16 17:21:15     | 2024-05-16 17:21:15
 Neutrogena SkinClearing Oil-Free Acne and Blemish Fighting Liquid Foundation with Salicylic Acid Acne Medicine, Shine Controlling, for Acne Prone Skin, 10 Classic Ivory, 1 fl. oz                                |              2 |       28.50 | 2024-02-20 01:49:36     | 2024-08-30 14:46:29
 sodastream bubly Drops 3 Flavor Berry Bliss Variety, 4 Fl Oz                                                                                                                                                      |              2 |       28.46 | 2025-06-06 01:51:49     | 2025-07-09 14:33:30
 SMIRLY Baby Shower Decorations for Boy: Baby Boy Baby Shower Decorations, Baby Boy Shower Decorations, Baby Shower Boy Decorations Set, Its a Boy Decorations for Baby Shower Boy, Baby Boy Decorations           |              1 |       28.23 | 2023-09-07 00:10:40     | 2023-09-07 00:10:40
 TEECK Shower Curtain Rod, 40-73 inch Adjustable Tension Spring, Shower Curtain Rod Tension, Premium Stainless Steel, Anti-Slip, No Drilling, No Rust, Never Collapse, for Bathroom, Easy to use                   |              1 |       28.22 | 2023-07-14 19:41:47     | 2023-07-14 19:41:47
 Swiffer WetJet Mops for Floor Cleaning, Hardwood Floor Cleaner Spray Mop Pad Refill, 20 Count                                                                                                                     |              2 |       27.95 | 2023-06-20 22:35:22     | 2024-07-18 02:33:23
 elago AW5 Compatible with Airpods Pro Case, Classic Handheld Game Console Design Case with Keychain, Durable Silicone Construction, MagSafe Compatible [US Patent Registered] [Light Grey]                        |              2 |       27.57 | 2023-03-18 19:34:50     | 2023-12-23 16:23:33
 Every Man Jack Eucalyptus Mint Hydrating Mens Body Wash for All Skin Types - Cleanse, Nourish, and Hydrate Skin with Naturally Derived Ingredients - Paraben Free, Phthalate Free, Dye Free - 33.8oz              |              2 |       27.36 | 2023-10-16 20:35:22     | 2025-12-31 13:49:32.824
 sodastream bubly Drops 3 Flavor Berry Bliss Variety, 1.36 Fl Oz (Pack of 3)                                                                                                                                       |              2 |       27.31 | 2023-08-15 19:54:43     | 2023-10-11 20:54:51
 The Lion King[LP][Picture Disc]                                                                                                                                                                                   |              1 |       27.13 | 2025-11-03 14:56:55     | 2025-11-03 14:56:55
 BAND-AID Brand Flexible Fabric Adhesive Bandages with Memory-Weave Fabric, Quilt-Aid Comfort Pad & Hurt-Free Pad; Wound Care for Minor Cuts, Scrapes, & Wounds, Assorted Sizes, 2 x 100 Count                     |              2 |       26.99 | 2025-10-09 01:31:03     | 2026-01-05 16:09:00
 Infants' Tylenol Liquid Pain Relief and Fever Medicine, Oral Suspension, Dye-Free Acetaminophen for Sore Throat, Headache & Teething, Fever Reducer for Kids; Cherry Flavor, 2 fl. oz.; Pack of 1                 |              2 |       26.91 | 2025-07-02 23:15:44     | 2025-07-09 14:33:30
 SanDisk 256GB Extreme microSDXC UHS-I Memory Card with Adapter - Up to 190MB/s, C10, U3, V30, 4K, 5K, A2, Micro SD Card - SDSQXAV-256G-GN6MA                                                                      |              1 |       26.82 | 2023-04-08 16:38:40     | 2023-04-08 16:38:40
 Amazon Basics Leak-Proof, 5-Layer, Scented Dog Pee Pads for Potty Training, 22x22 inches-Pack of 50                                                                                                               |              1 |       26.20 | 2023-04-09 00:33:52     | 2023-04-09 00:33:52
 Ripple Junction Grateful Dead Embroidered Dancing Bear Hat Dad Style Baseball Cap Adult Adjustable One Size Officially Licensed                                                                                   |              1 |       26.15 | 2023-07-03 02:17:22     | 2023-07-03 02:17:22
 Tommy John Men's Mid-Length Boxer Brief 6" - 2 pack - Underwear - Cotton Basics Boxers with Supportive Contour Pouch - Naturally Breathable Stretch Fabric(White/Black, Medium)                                   |              1 |       26.15 | 2024-05-21 22:33:20     | 2024-05-21 22:33:20
 Power-Bank-Solar-Charger - 42800mAh Portable Charger,Solar Power Bank,External Battery Pack 5V3.1A Qc 3.0 Fast Charger Built-in Super Bright Flashlight (Orange)                                                  |              1 |       26.06 | 2024-07-24 15:25:06     | 2024-07-24 15:25:06
 Listerine Freshburst Antiseptic Mouthwash to Fight Bad Breath, 1 L, Pack of 2                                                                                                                                     |              2 |       25.88 | 2023-03-21 17:31:10     | 2023-05-09 15:14:50
 KAMANINA 1 Inch Curtain Rod for Window, Decorative Drapery Rods 30 to 88 Inch(2.5-7.3ft), Splicing Adjustable Single Rod with Cap Finial, Antique Silver                                                          |              1 |       25.79 | 2023-06-21 15:01:04     | 2023-06-21 15:01:04
 Frida Baby Electric Nail Trimmer, Safe & Easy Electric Nail File, Baby Nail Clipper & Nail Trimmer Kit for Newborn, Toddler, or Children Fingernails & Toenails, 4 Buffer Pads, LED Light, Storage Case           |              1 |       25.27 | 2024-07-17 21:08:51     | 2024-07-17 21:08:51
 Modvel Compression Knee Brace for Women & Men - 2 Pack Knee Brace for Women Running Knee Pain, Knee Support Compression Sleeve, Workout Sports Knee Braces for Meniscus Tear ACL & Arthritis Pain Relief          |              1 |       24.97 | 2024-10-11 20:33:24     | 2024-10-11 20:33:24
 Fishing For Fishies[Oil Spill Edition LP]                                                                                                                                                                         |              1 |       24.97 | 2025-08-14 16:14:56     | 2025-08-14 16:14:56
 Funko POP&Buddy: Brooklyn Nine Nine - Captain Ray Holt with Cheddar - Collectable Vinyl Figure - Gift Idea - Official Merchandise - for Kids & Adults - TV Fans - Model Figure for Collectors                     |              1 |       24.73 | 2025-12-14 02:34:56     | 2025-12-14 02:34:56
 Copper Pearl Baby Bandana Drool Bibs for Drooling and Teething 4 Pack Gift Set Apollo, Soft Set of Cloth Bandana Bibs for Any Baby Girl or Boy, Cute Registry Ideas for Baby Shower Gifts                         |              1 |       22.97 | 2023-09-07 00:10:40     | 2023-09-07 00:10:40
 AzxecVcer Plastic Hangers 30 Pack - Non Slip Heavy Duty Durable Clothes Hangers,Holds up to 18 lbs, Space Saving Hangers for Suit, Dress,t Shirts,Blouse,Coats, Pants (30 Pack-White)                             |              1 |       22.80 | 2023-07-11 19:00:37     | 2023-07-11 19:00:37
 Cholula Original Hot Sauce 12 fl oz Multipack, 3 count | Crafted with Mexican Peppers and Signature Spice Blend | Gluten Free, Kosher, Vegan, Low Sodium, Sugar Free                                              |              1 |       22.77 | 2023-05-22 13:59:11     | 2023-05-22 13:59:11
 MODVEL ELITE Knee Brace for Women & Men with Side Stabilizers, Patella Gel Pads Brace for Meniscus Tear for Maximum Knee Pain Support - ACL Knee Braces for Running, Workout, Arthritis & Joint Recovery          |              1 |       21.93 | 2024-10-18 14:17:29     | 2024-10-18 14:17:29
 Malden International Designs Expressions Picture Frame, 8.75"L x 1"W, Black                                                                                                                                       |              1 |       21.71 | 2025-12-11 12:56:35     | 2025-12-11 12:56:35
 STATIK GloboCharge 30W Fast Charging Universal Travel Adapter to Over 200 Countries, International Power Adapter, 5 USB Ports Wall Charger with Type A & Type C, Worldwide Power Plug Adapter                     |              1 |       21.69 | 2024-05-11 13:57:26     | 2024-05-11 13:57:26
 Funko Pop! Television: Rugrats - Chuckie                                                                                                                                                                          |              1 |       21.67 | 2023-12-08 16:44:50     | 2023-12-08 16:44:50
 L'Oreal Paris Magic Root Cover Up Gray Concealer Spray, Medium Brown, 2 Oz(Packaging May Vary)                                                                                                                    |              2 |       21.66 | 2023-04-24 03:32:43     | 2024-02-29 15:33:22
 DIMJ Travel Packing Cubes, Luggage Cubes for Suitcases Packing Organizers Lightweight Suitcase Organizer for Shoes Clothes Cosmetics Toiletries 8 Set. （Grey）                                                   |              1 |       21.23 | 2023-04-24 03:32:43     | 2023-04-24 03:32:43
 Dawn Platinum Dish Soap Liquid, Dishwashing Liquid, Dish Detergent Liquid, Dish Liquid, Refreshing Rain Scent, 54.9 fl oz (Pack of 2), Dish Soap Bulk                                                             |              1 |       20.77 | 2023-04-25 11:47:36     | 2023-04-25 11:47:36
 Kidde FA110 Multi Purpose Fire Extinguisher 1A10BC, 1 Pack, red                                                                                                                                                   |              1 |       20.60 | 2024-10-10 12:07:13     | 2024-10-10 12:07:13
 Resolve Pet Specialist Heavy Traffic Foam, Carpet Cleaner, Pet Stain And Odor Remover, Carpet Cleaner Solution, 22 Oz (2 Pack)                                                                                    |              1 |       20.55 | 2024-07-24 15:25:06     | 2024-07-24 15:25:06
 GhvyenntteS Mama Gifts - Mama Bag, Beach Tote Bag, Mom Bag with Zipper, Personalized Mama Tote Bag for Women, Grandma, New Mom Gifts Bag for Hospital, Shopping, Beach, Travel                                    |              1 |       20.54 | 2025-05-05 00:28:54     | 2025-05-05 00:28:54
 Shoe Dog: A Memoir by the Creator of NIKE                                                                                                                                                                         |              1 |       20.54 | 2023-06-20 22:35:22     | 2023-06-20 22:35:22
 Amazon Basics Paper Hot Cups with Lids, Cafe Design, 12 oz, 100 Count                                                                                                                                             |              1 |       20.33 | 2023-12-12 03:02:35     | 2023-12-12 03:02:35
 Sleeping Bags for Adults Backpacking Lightweight Waterproof- Cold Weather Sleeping Bag for Girls Boys Mens for Warm Camping Hiking Outdoor Travel Hunting with Compression Bags（Navy Blue）                      |              1 |       20.11 | 2024-07-18 00:40:01     | 2024-07-18 00:40:01
 Blood Pressure Monitor,AILE blood pressure machine Upper Arm Large Cuff(8.7"-16.5"Adjustable),automatic high blood pressure cuff for home use,(BP)blood pressure monitor,2*99 memory,Easy to use/travel           |              1 |       19.99 | 2024-07-02 16:23:28     | 2024-07-02 16:23:28
 DOUFURT Knee Brace for Women & Men Meniscus Tear, Plus Size Knee Braces for Knee Pain Relief, Arthritis, Compression Knee Support Side Stabilizers                                                                |              1 |       19.59 | 2024-10-08 16:22:00     | 2024-10-08 16:22:00
 Baby Hangers for Closet - Baby Clothes Hangers 60 Pack Plastic Kids Hangers Clothing Infant Toddler Childrens Hangers White                                                                                       |              1 |       19.54 | 2024-07-08 16:22:11     | 2024-07-08 16:22:11
 RevereSport Compatible iPhone 12 Pro Max Waterproof Running Armband with Extra Pockets for Keys, Cash and Credit Cards. Phone Arm Holder for Sports, Gym Workouts and Exercise Black                              |              1 |       19.54 | 2023-01-12 17:59:14     | 2023-01-12 17:59:14
 Baby Hangers, VIS'V 11 Inch Gray Velvet Kids Hangers with 6 Pcs Size Dividers Non Slip Nursery Children Closet Clothes Hangers for Infant Toddler Girls & Boys - 30 Pack                                          |              1 |       19.54 | 2024-07-08 16:22:11     | 2024-07-08 16:22:11
 Amazon Basics 4 Gallon Trash Bags, Flap Ties, Fresh Scent, 80 Count, Pack of 1                                                                                                                                    |              2 |       19.45 | 2025-07-30 13:56:14     | 2025-11-08 05:50:42
 Funko Pop! AD Icons: Kool-Aid - Kool-Aid Man, Multicolor                                                                                                                                                          |              1 |       19.44 | 2023-06-08 12:58:16     | 2023-06-08 12:58:16
 Amazon Basics Unscented Standard Dog Poop Bags with Dispenser and Leash Clip, 13 x 9 Inches, Black - 60 Rolls (900 Bags)                                                                                          |              1 |       19.35 | 2023-04-01 05:55:01     | 2023-04-01 05:55:01
 3 Pack Chile Ancho, Chile Guajillo Descolado and Chile de Arbol. Dried Chile Seco Peppers. 12 Oz Total of Authentic Mexican Flavours.                                                                             |              1 |       19.17 | 2025-11-05 13:16:03     | 2025-11-05 13:16:03
 Blink Mini - Compact indoor plug-in smart security camera, 1080p HD video, night vision, motion detection, two-way audio, easy set up, Works with Alexa - 1 camera (White)                                        |              1 |       19.01 | 2023-07-11 18:33:15     | 2023-07-11 18:33:15
 Amazon Basics 36 Pack AAA High-Performance Alkaline Batteries, 10-Year Shelf Life, Easy to Open Value Pack                                                                                                        |              1 |       18.82 | 2023-02-08 16:11:12     | 2023-02-08 16:11:12
 Gerber Baby Boys 2-Pack Short Leg Romper, Heather and Dark Grey, 12 Months                                                                                                                                        |              1 |       18.82 | 2023-09-01 16:43:49     | 2023-09-01 16:43:49
 Old Spice Men's Deodorant Aluminum-Free Fiji with Palm Tree, 3oz Pack of 3 with Travel-Size Swagger Body Wash                                                                                                     |              1 |       18.67 | 2023-04-25 11:47:36     | 2023-04-25 11:47:36
 Kidde Carbon Monoxide Detector, Battery Powered CO Alarm with LEDs, Test-Reset Button, Low Battery Indicator, Portable                                                                                            |              1 |       18.62 | 2024-10-10 12:07:13     | 2024-10-10 12:07:13
 JOJANEAS 6000pcs+ 4mm Seed Beads for Jewelry Making, 1200 Pcs Letter Beads Friendship Bracelet Kit, Glass Seed Beads Bracelets Making Kit with Elastic String - Crafts for Girls Birthday Gifts                   |              1 |       18.46 | 2024-05-13 15:27:01     | 2024-05-13 15:27:01
 Funko NBA: Chicago Bulls Michael Jordan Pop! Vinyl Figure (Includes Compatible Pop Box Protector Case)                                                                                                            |              1 |       18.41 | 2023-06-08 12:58:16     | 2023-06-08 12:58:16
 Burt's Bees Baby unisex baby Booties, Organic Cotton Adjustable Infant Shoes Slipper Sock, Heather Grey Stripe, 3-6 Months Infant US                                                                              |              1 |       17.73 | 2023-09-07 00:10:40     | 2023-09-07 00:10:40
 Nike Everyday Cushion Crew Training Socks, Unisex Socks with Sweat-Wicking Technology and Impact Cushioning (3 Pair), White/Black, Large                                                                          |              1 |       17.62 | 2023-04-07 17:19:09     | 2023-04-07 17:19:09
 No-Touch Thermometer for Adults and Kids, Accurate Digital Baby Thermometer, FSA HSA Eligible, Fever Alarm & Silent Mode, 2 in 1 Forehead & Object Mode                                                           |              1 |       17.37 | 2025-07-02 23:15:44     | 2025-07-02 23:15:44
 Maliton Toiletry Bag for Men & Women | Large for Traveling | Hanging Compact Hygiene Bag with 4 Compartments | Waterproof Bathroom Shower Bag (Black)                                                             |              1 |       17.37 | 2024-05-11 13:57:26     | 2024-05-11 13:57:26
 No Pull Dog Collar Adjustable Quick Release Dog Training Collar with Rubber Tip with Quick Release Buckle for Small Medium Large Dogs                                                                             |              1 |       17.37 | 2023-12-23 16:23:33     | 2023-12-23 16:23:33
 Puroma Bike Cover Outdoor Waterproof Bicycle Covers Rain Sun UV Dust Wind Proof with Lock Hole for Mountain Road Electric Bike, XL (Basic Black)                                                                  |              1 |       17.37 | 2023-06-04 23:47:00     | 2023-06-04 23:47:00
 Amazon Essentials Men's Lightweight Jersey Pullover Hoodie, Red, Medium                                                                                                                                           |              1 |       17.19 | 2023-10-11 20:54:51     | 2023-10-11 20:54:51
 Band-Aid Brand Flexible Fabric Adhesive Bandages for Comfortable Flexible Protection, Twin Pack, 2 x 100 ct                                                                                                       |              1 |       16.96 | 2024-06-19 01:47:19     | 2024-06-19 01:47:19
 Clastyle 45L Cute Animal Alphabets Collapsible Laundry Hamper Waterproof Owl Elephant Kids Laundry Basket with Drawstring for Bedroom, 14.2 * 17.7 in                                                             |              1 |       16.93 | 2023-09-07 00:10:40     | 2023-09-07 00:10:40
 Ougourim Furniture Anchors (10 Packs) Anti Tip Furniture Anchors for Baby Proofing, Furniture Wall Anchor Earthquake Straps for Furniture Dresser Wall Safety Anchor Furniture Fasteners to Wall, White           |              1 |       16.92 | 2024-08-30 14:46:29     | 2024-08-30 14:46:29
 Amazon Basics 20 Pack AA High-Performance Alkaline Batteries, 10-Year Shelf Life, Easy to Open Value Pack                                                                                                         |              1 |       16.83 | 2023-02-08 16:11:12     | 2023-02-08 16:11:12
 Feetures Elite Light Cushion Mini Crew Sock - Sport Sock with Targeted Compression - Large, Off-White (1 Pair)                                                                                                    |              1 |       16.80 | 2025-12-02 03:25:57     | 2025-12-02 03:25:57
 Dawn Dish Soap Squeeze Bottle, EZ-Squeeze Dawn Dishwashing Liquid,Dawn Platinum Dish Soap Liquid,Dish Washing Liquid+Non-Scratch Sponges for Dishes,Refreshing Rain,Includes 3x18oz Bottles+2 Sponges             |              3 |       16.76 | 2023-04-07 09:39:02.289 | 2023-08-09 18:40:46
 LXXIASHI Big Sister Little Sister Matching Outfits Big Sis Shirt/Lil Sis Onesie Crewneck Sweatshirt Romper Top Sibling Outfits (Apricot-Shirt, 2-3 Years)                                                         |              1 |       16.73 | 2024-01-03 17:18:55     | 2024-01-03 17:18:55
 IAMS Proactive Health Small Breed Adult Dry Dog Food Chicken & Whole Grain Recipe, 5 lb. Bag                                                                                                                      |              1 |       16.48 | 2025-12-18 04:01:52     | 2025-12-18 04:01:52
 ICARERSPACE 2 Pairs AirPods Ear Hooks for AirPods Pro 2, AirPods Pro, AirPods 4, 3, 2 & 1, Upgraded Anti Slip Sports Clip Hooks for AirPods 1, 2, 3, 4,Pro and Pro 2 - White                                      |              1 |       16.46 | 2025-04-29 01:53:17     | 2025-04-29 01:53:17
 Poppy's Aluminum Popcorn Scoop - Kernel Sifting Speed Scoop for Commercial and Home Use                                                                                                                           |              1 |       16.28 | 2023-12-11 02:07:08     | 2023-12-11 02:07:08
 ANTING He Popped the Question Popcorn Bags Engagement Party Favors Popcorn Bags Wedding Bridal Shower Engaged Goody Snack Treat Bags Grease Resistant                                                             |              1 |       16.28 | 2023-12-11 02:07:08     | 2023-12-11 02:07:08
 sodastream Bubly Drops, 1.36 Fl Oz (Pack of 3)                                                                                                                                                                    |              1 |       16.28 | 2023-03-16 11:33:36     | 2023-03-16 11:33:36
 Mind Mapping for Men with Adult ADHD: Daily Brain Exercises and Strategies for a Positive Transformation to Control Anxious Thoughts, Improve Concentration, and Productivity (ADHD Workbooks)                    |              1 |       16.28 | 2025-02-04 02:22:54     | 2025-02-04 02:22:54
 Amazon Basic Care Extra Strength Pain Relief, Acetaminophen Caplets, 500 mg, Pain Reliever/Fever Reducer, 500 Count                                                                                               |              2 |       16.28 | 2024-06-19 01:31:24.245 | 2024-06-19 01:47:19
 Callaway Golf Opti Fit Seamless Universal Fit Golf Glove, Men's, Worn on Left Hand , White                                                                                                                        |              1 |       16.28 | 2023-05-23 14:08:29     | 2023-05-23 14:08:29
 Coppertone SPF 15 Tanning Lotion, 8 Fluid Ounce                                                                                                                                                                   |              2 |       15.96 | 2024-06-19 01:31:24.245 | 2024-06-19 01:47:19
 Amazon Basics Tall Kitchen Drawstring Trash Bags, 13 Gallon, Unscented, 120 Count (Previously Solimo)                                                                                                             |              1 |       15.91 | 2023-12-16 18:40:24     | 2023-12-16 18:40:24
 Method All-Purpose Cleaner Spray, Lime + Sea Salt, Plant-Based and Biodegradable Formula Perfect for Most Counters, Tiles and More, 28 Fl Oz, (Pack of 4)                                                         |              1 |       15.73 | 2025-05-21 18:21:35     | 2025-05-21 18:21:35
 Swiffer WetJet Mops for Floor Cleaning, Hardwood Floor Cleaner Spray Mop Pad Refill, 20 Count (Pack of 1)                                                                                                         |              1 |       15.69 | 2024-05-14 15:26:25     | 2024-05-14 15:26:25
 USB C Wall Charger, USB Plug Adapter Outlet Extender, TESSAN 3 USB (1 USB C Port), Multi Charging Station for Travel, Home, Office, Cruise Dorm Essentials                                                        |              1 |       15.63 | 2023-07-12 12:54:41     | 2023-07-12 12:54:41
 Wicked Official Coloring Book: (Universal Pictures Wicked)                                                                                                                                                        |              1 |       15.62 | 2024-12-20 05:28:46     | 2024-12-20 05:28:46
 Swiffer WetJet Hardwood Floor Cleaner Spray Mop Pad Refill, Multi Surface, 24 Count                                                                                                                               |              1 |       15.50 | 2023-04-01 05:55:01     | 2023-04-01 05:55:01
 Amazon Basic Care Naproxen Sodium Tablets 220 mg, Pain Reliever/Fever Reducer (NSAID), Muscular Aches, Backache, Headache, Toothache, Minor Arthritis Pain Relief and More, 300 Count                             |              1 |       15.45 | 2024-05-03 18:29:25     | 2024-05-03 18:29:25
 Toddler Sun Hat 0-6 Months                                                                                                                                                                                        |              1 |       15.29 | 2025-02-02 21:02:34     | 2025-02-02 21:02:34
 Coppertone SPORT Sunscreen SPF 30 Lotion, Water Resistant Sunscreen, Body Sunscreen Lotion, 7 Fl Oz                                                                                                               |              2 |       15.17 | 2024-06-19 01:31:24.245 | 2024-06-19 01:47:19
 4our Kiddies Baby Toilet Lock (2 Pack) for Child Safety, Baby Proof Toilet Seat Lock with 2 Extra Pallet Fit for Most Standard Toilet, Easy Intallation Toilet Lid Lock with 2 Extra 3M Adhesive                  |              1 |       15.15 | 2026-01-05 16:09:00     | 2026-01-05 16:09:00
 P.L.A.Y. Cute Plush Dog Toys - Coffee Shop Food Themed Durable Squeaker Chew Toy, Great for Puppies & Small, Medium, Large Dog Breeds - Machine Washable, Recycled Materials (Pup Cup Cafe Doggo's Java)          |              1 |       15.10 | 2023-10-09 00:20:51     | 2023-10-09 00:20:51
 Trideer Yoga Blocks, Yoga Blocks 2 Pack, Premium EVA Foam Blocks with Free Guide, Supportive, Lightweight & Odor Resistant, Yoga Essentials for Yogi & Yogini, Yoga Accessories 9"x6"x3" (963 gray)               |              1 |       14.90 | 2024-07-29 21:25:50     | 2024-07-29 21:25:50
 Bentgo® All-in-One Salad Container - Large Salad Bowl, Bento Box Tray, Leak-Proof Sauce Container, Airtight Lid, & Fork for Healthy Adult Lunches; BPA-Free & Dishwasher/Microwave Safe (Gray)                    |              1 |       14.76 | 2023-11-25 00:25:57     | 2023-11-25 00:25:57
 Amazon Basics Gallon Food Storage Bags, 120 Count                                                                                                                                                                 |              1 |       14.72 | 2025-01-23 13:55:34     | 2025-01-23 13:55:34
 Feetures Elite Light Cushion Quarter Solid - Sport Sock with Targeted Compression - New White, L (1 Pair)                                                                                                         |              1 |       14.40 | 2025-05-21 18:21:35     | 2025-05-21 18:21:35
 Munchkin® SpotlessTM Silicone Placemats for Kids, 2 Pack, Blue/Green                                                                                                                                              |              1 |       14.36 | 2025-08-30 23:56:49     | 2025-08-30 23:56:49
 Amazon Basics Dog Poop Leak Proof Bags with Dispenser and Leash Clip, Unscented, 900 Count, 60 Pack of 15, Black, 13 Inch x 9 Inch                                                                                |              1 |       14.33 | 2024-10-08 16:22:00     | 2024-10-08 16:22:00
 Funko Pop! Ad Icons: Kelloggs - Eggo Waffle                                                                                                                                                                       |              1 |       14.21 | 2023-12-02 19:27:20     | 2023-12-02 19:27:20
 MINGKIDS Montessori Toys for 1 Year Old, 6 Pc Multi Sensory Shape, Toddler Developmental Learning Birthday Gifts, Baby Toys 12 Month                                                                              |              1 |       14.11 | 2025-08-30 23:56:49     | 2025-08-30 23:56:49
 Pearhead Rainbow Sun and Stars Stroller Toys, Plush Corduroy Baby Travel Car Seat Toy Set, Baby Hanging Interactive Toys, Gender-Neutral Baby Travel Accessories, Rainbow Sun Stars Set of 3                      |              1 |       14.11 | 2024-05-10 16:36:53     | 2024-05-10 16:36:53
 Death Star Ice Cube Mold 2 Pack Silicone Star Wars Ice Molds Sphere Big Ice Ball Maker for Whiskey, Bourbon and Cola (2)                                                                                          |              1 |       14.11 | 2023-01-21 14:14:09     | 2023-01-21 14:14:09
 Amazon Basic Care Back and Muscle Pain, Naproxen Sodium Tablets 220 mg, Pain Reliever and Fever Reducer, For Backache, Muscular Aches, Minor Arthritis Pain, Headache and More, 90 Count                          |              3 |       14.08 | 2023-12-12 03:06:24     | 2024-06-19 01:47:19
 Method All-Purpose Cleaner Spray, Lime + Sea Salt, Plant-Based and Biodegradable Formula Perfect for Most Counters, Tiles, Stone, and More, 28 oz Spray Bottles, (Pack of 4)                                      |              1 |       14.06 | 2023-09-27 15:03:55     | 2023-09-27 15:03:55
 Foldable Beach Table Ultralight Aluminum, Mini Folding Camping Table for Picnic Outdoor Hiking Backpack, White Silver                                                                                             |              1 |       13.89 | 2023-07-11 18:33:15     | 2023-07-11 18:33:15
 CeraVe Daily Moisturizing Lotion for Dry Skin | Body Lotion & Face Moisturizer with Hyaluronic Acid and Ceramides | Daily Moisturizer | Fragrance Free | Oil-Free | 12 Ounce                                      |              1 |       13.84 | 2024-02-29 15:33:22     | 2024-02-29 15:33:22
 Amazon Basic Care - Aloe Vera Hand Sanitizer 62%, 12 fl oz (Pack of 6)                                                                                                                                            |              1 |       13.84 | 2024-12-20 05:31:13     | 2024-12-20 05:31:13
 Boogie Wipes, Saline Wipes for Baby & Kids, Nose Booger Wipes for Allergy Relief, Face, Hand & Body, Made with Vitamin E, Aloe and Natural Saline, Unscented, 30 Count (Pack of 3)                                |              1 |       13.63 | 2025-12-22 22:38:01     | 2025-12-22 22:38:01
 Amazon Brand - Happy Belly Whole Raw Almonds, 48 Ounce                                                                                                                                                            |              1 |       13.32 | 2023-07-25 01:38:16     | 2023-07-25 01:38:16
 Scotch-Brite Advanced Soap Control Non-Scratch Dishwand Kit, 1 Dish Wand & 5 Sponge Refills, Prevents Soap from Leaking, Leak-Free Guarantee, Best for Nonstick Pots and Pans, Glass, Tubs, & Showers             |              1 |       13.24 | 2025-10-08 02:09:41     | 2025-10-08 02:09:41
 Meguiar's Ultimate Compound - Pro-Grade Car Scratch Remover, Paint Correction Compound that Removes Defects While Adding Gloss and Shine, Single Stage and Clear Coat Scratch Remove, 15.2 Oz                     |              1 |       13.09 | 2024-11-16 19:18:22     | 2024-11-16 19:18:22
 30 Pack Plastic Champagne Flutes - 5 Oz Disposable Clear Plastic Toasting Glasses - Wedding Party Cocktail Mimosa Plastic Cups                                                                                    |              1 |       13.02 | 2023-05-30 14:28:17     | 2023-05-30 14:28:17
 OXO Good Grips Electric Grill and Panini Press Brush, Black                                                                                                                                                       |              1 |       13.02 | 2024-06-24 18:39:05     | 2024-06-24 18:39:05
 Resolve Pet Specialist Heavy Traffic Foam, Carpet Cleaner, 2 packs of 22oz                                                                                                                                        |              1 |       13.02 | 2023-04-09 00:33:52     | 2023-04-09 00:33:52
 NC 700 Ear Pads for Bose 700 Headphones, BUTIAO Protein Leather Memory Foam Earpads Replacement Ear Cushion Pad for Bose 700 NC700 Noise Cancelling 700 Headphones (Navy)                                         |              1 |       13.02 | 2024-02-27 16:46:03     | 2024-02-27 16:46:03
 Funko Pop! Movies: Wicked - Elphaba                                                                                                                                                                               |              1 |       13.02 | 2024-12-12 16:21:23     | 2024-12-12 16:21:23
 Hyhug Pets Premium Upgraded Durable Nylon 18 Inch Short Leash with Comfort Padded Neoprene Lined Handle for Medium Large Giant Dogs Daily Walking and Professional Training Lead. (Hot Pink)                      |              1 |       13.02 | 2024-01-06 17:40:24     | 2024-01-06 17:40:24
 2 Mason Jar Wide Mouth 32 oz. (Quart) with Lid and Band - Clear                                                                                                                                                   |              1 |       12.98 | 2023-04-14 16:24:33     | 2023-04-14 16:24:33
 Nestpark Pup Claw Dog Toys - Funny Cute Plush Dog Toys with Squeaker - Parody (2 Pack) (Tropical Pack)                                                                                                            |              1 |       12.98 | 2023-10-09 00:20:51     | 2023-10-09 00:20:51
 Swiffer WetJet Multi-Purpose and Hardwood Liquid Floor Cleaner Solution Refill, with Gain Scent 42.26 Fl Oz (Pack of 2)                                                                                           |              1 |       12.75 | 2023-04-01 05:55:01     | 2023-04-01 05:55:01
 Dawn Platinum Powerwash Dish Spray, Dish Soap Liquid, Fresh Scent Bundle, 1 Spray (16oz) + 3 Refills (16oz each)(Pack of 4)                                                                                       |              1 |       12.63 | 2025-10-08 02:09:41     | 2025-10-08 02:09:41
 Amazon Basics Aluminum Foil, 250 Sq Ft, Pack of 1                                                                                                                                                                 |              1 |       12.63 | 2024-09-10 22:34:31     | 2024-09-10 22:34:31
 Reynolds Wrap Aluminum Foil, 200 Square Feet                                                                                                                                                                      |              1 |       12.37 | 2023-06-04 12:15:51     | 2023-06-04 12:15:51
 Sierra Nevada Hazy Little Thing Unfiltered, 6 pk, 12 oz cans, 6.7% ABV                                                                                                                                            |              1 |       12.24 | 2025-09-04 20:11:01     | 2025-09-04 20:11:01
 Amazon Basics Extra Durable Cleaning Eraser, White, 14 Count                                                                                                                                                      |              1 |       11.98 | 2023-10-11 20:54:51     | 2023-10-11 20:54:51
 Comfy Package [500 Pack] 7.75" High Flexible Plastic Straws, Disposable Drinking Straws - Striped Assorted Colors                                                                                                 |              1 |       11.93 | 2024-07-18 00:40:01     | 2024-07-18 00:40:01
 KatchOn, Rose Gold Fringe Curtain - XtraLarge 6.4x8 Feet, Pack of 2 | Rose Gold Backdrop, Bachelorette Party Decorations | Rose Gold Party Decorations, Rose Gold Streamers, Rose Gold Birthday Backdrop          |              1 |       11.92 | 2023-05-30 14:28:17     | 2023-05-30 14:28:17
 Peekdook for Air pod PRO Case Soft Silicone Swedish Fish Cute Cartoon Funny Cover Fashion Protective Skin Accessory Keychain Girl Teen Compatible Box with Air pod PRO(PRO/3 Swedish Fish)                        |              1 |       11.81 | 2023-03-18 19:36:20     | 2023-03-18 19:36:20
 Original + Night 4-Pack, 6+M, Boy                                                                                                                                                                                 |              1 |       11.76 | 2023-09-07 00:10:40     | 2023-09-07 00:10:40
 Swiffer WetJet Multi-Purpose Floor Cleaner Solution with Febreze Refill, Lavender Scent, 1.25 Liter -42.2 Fl Oz (Pack of 2)                                                                                       |              1 |       11.45 | 2023-12-19 21:13:52     | 2023-12-19 21:13:52
 Amazon Basics 20-Pack AA Alkaline High-Performance Batteries, 1.5 Volt, 10-Year Shelf Life                                                                                                                        |              1 |       11.43 | 2024-12-31 15:26:34     | 2024-12-31 15:26:34
 Command 10 lb Medium Picture Hanging Strips 16 Pairs (32 Command Strips), Damage Free Hanging Picture Hangers, No Tools Wall Hanging Strips for Home Decor, White Adhesive Strips                                 |              1 |       11.29 | 2024-10-18 14:17:29     | 2024-10-18 14:17:29
 Amazon Basics 24 Count AA & AAA High-Performance Alkaline Batteries Value Pack - 12 Double AA Batteries and 12 Triple AAA Batteries                                                                               |              1 |       11.24 | 2025-08-25 17:36:05     | 2025-08-25 17:36:05
 Hanes Ultimate womens 6-pack Ankle athletic socks, White, Shoe Size 5-9 US                                                                                                                                        |              1 |       10.94 | 2023-04-24 18:10:28     | 2023-04-24 18:10:28
 Vitafusion Womens Multivitamin Gummies, Berry Flavored Daily Vitamins for Women With Vitamins A, C, D, E, B-6 and B-12, America's Number 1 Gummy Vitamin Brand, 75 Days Supply, 150 Count                         |              1 |       10.89 | 2024-02-04 22:05:21     | 2024-02-04 22:05:21
 Replacement Tips Compatible with Apple Pencil 2 Gen iPad Pro Pencil, Logitech Crayon Digital Pencil - Apple Pencil iPencil Nib for iPad Apple Pencil 1 st/Pencil 2 Gen White 4 Pack                               |              1 |       10.85 | 2023-09-29 18:05:40     | 2023-09-29 18:05:40
 BESKAR Foot Massager Roller for Plantar Fasciitis Relief, Portable, Deep Tissue Muscle Massage, Foot Arch and Heel Pain, Reflexology Tool                                                                         |              1 |       10.85 | 2024-05-14 15:26:25     | 2024-05-14 15:26:25
 BlenderBottle Classic V2 Shaker Bottle Perfect for Protein Shakes and Pre Workout, 20-Ounce, Light Pink                                                                                                           |              1 |       10.85 | 2024-01-30 20:07:41     | 2024-01-30 20:07:41
 Pre-Strung Bride To Be Banner - NO DIY - Rose Gold Glitter Bachelorette Bridal Party Banner - Pre-Strung Garland on 8 ft Strand - Rose Gold Bachelorette Bridal Party Decorations & Decor. Did we mention no DIY? |              1 |       10.85 | 2023-05-30 14:28:17     | 2023-05-30 14:28:17
 [500 Count] Flexible Disposable Plastic Drinking Straws - 7.75" High - Assorted Colors Striped                                                                                                                    |              1 |       10.85 | 2023-07-11 18:33:15     | 2023-07-11 18:33:15
 Alcedo Portable Sharps Container for Travel and Home Use (3-Pack), Small 0.1L Container for Diabetes Insulin Pen Needle Disposal, Mini Sharps Box, Medical Grade                                                  |              1 |       10.85 | 2025-12-20 03:39:11     | 2025-12-20 03:39:11
 Ball Mason Jar Leak-Proof Lids, Wide Mouth, 6-Count (Pack of 1)                                                                                                                                                   |              1 |       10.85 | 2024-12-13 20:36:46     | 2024-12-13 20:36:46
 ladoweir 3 PCS Suction Cup Spinner Toys, Sensory Spinning Top Toys, Bath Toys Early Education Spinning Toys, Birthday Gifts for Boys Girls                                                                        |              1 |       10.85 | 2023-09-07 00:10:40     | 2023-09-07 00:10:40
 AOBKIAT Wedding Decorations Tissue Paper Pom Poms - 12 PCS Rose Gold Pink White Paper Flower Pom Pom Kit Decorations for Wedding Birthday Baby Shower Bachelorette Bridal Shower Party Supplies                   |              1 |       10.85 | 2023-05-30 14:28:17     | 2023-05-30 14:28:17
 Command Medium Picture Hanging Strips, Damage Free Hanging Picture Hangers, No Tools Wall Hanging Strips for Living Spaces, 16 White Adhesive Strip Pairs(32 Command Strips)                                      |              1 |       10.85 | 2024-08-30 14:46:29     | 2024-08-30 14:46:29
 Tweezerman Mini Slant Travel Tweezers For Eyebrows, Facial Hair, Ingrown Hair (Bahama Blue)                                                                                                                       |              1 |       10.85 | 2024-01-20 04:34:29     | 2024-01-20 04:34:29
 Wilkins Premium Midsole Marker for Customization Paint on Leather, Suede, Fabric and Soft Foam for 2-4 Pair of Shoes (White)                                                                                      |              1 |       10.84 | 2023-07-03 02:17:22     | 2023-07-03 02:17:22
 Burrito Taco Tortilla Newborn Swaddle Blanket with Beanie Set, Soft and Stretchy Baby Blanket Swaddle Sack Funny Gift for Boy and Girl Baby Shower                                                                |              1 |       10.46 | 2024-02-19 17:46:26     | 2024-02-19 17:46:26
 CHAOREN Mens Belt - Braided Stretch Golf Belt for Men 1 3/8"- Gift for Golf Pants Casual Shorts Jeans                                                                                                             |              1 |       10.45 | 2025-06-24 18:51:27     | 2025-06-24 18:51:27
 Tough Headwear Skull Cap - Skull Caps for Men and Women - Motorcycle Bike or Football Helmet Liner - Warm Mens Womens Head Liners - Winter Running Beanie Hat - Dark Gray                                         |              1 |       10.41 | 2024-12-17 16:45:16     | 2024-12-17 16:45:16
 Disposable Placemats for Baby, Toddlers and Kids, 40 Disposable Baby Placemats for Restaurant, Dining Table & Travel, Learning Placemats for Kids, Toddler Travel Essential, Animals ABC & Numbers                |              1 |       10.31 | 2025-08-30 23:56:49     | 2025-08-30 23:56:49
 Pampers Splashers Swim Diapers - Size S, 20 Count, Gap-Free Disposable Baby Swim Pants                                                                                                                            |              1 |        9.89 | 2025-02-02 21:02:34     | 2025-02-02 21:02:34
 Coppertone WaterBabies SPF 50 Baby Sunscreen Lotion, Water Resistant Sunscreen for Babies, 8 Fl Oz                                                                                                                |              1 |        9.76 | 2025-02-02 21:02:34     | 2025-02-02 21:02:34
 Philips 6-Outlet Surge Protector Tap, 900 Joules, Space Saving Design, Protection Indicator LED Light, Gray & White, SPP3461WA/37                                                                                 |              1 |        9.71 | 2024-11-09 23:58:35     | 2024-11-09 23:58:35
 Biloban Pack and Play Sheets Fitted, 2 Pack Pack and Play Sheet Fits for Graco Pack n Play Mattress, Neutral Playard Sheets for Baby Boys and Girl, Grey & White, 38"X 26"                                        |              1 |        9.62 | 2025-02-02 21:02:34     | 2025-02-02 21:02:34
 Huggies Size 2 Diapers, Snug & Dry Baby Diapers, Size 2 (12-18 lbs), 34 Count, Packaging May Vary                                                                                                                 |              1 |        9.41 | 2025-02-02 21:02:34     | 2025-02-02 21:02:34
 Bridal Wedding Veil Short Communion Veils for Bachelorette Party with Rhinestone Comb Tulle 38cm/15"White ...                                                                                                     |              1 |        9.41 | 2024-03-29 22:23:49     | 2024-03-29 22:23:49
 Master Lock 4688D Set Your Own Combination TSA Approved Luggage Lock, 1 Pack, Blue                                                                                                                                |              1 |        9.36 | 2023-01-06 17:08:25     | 2023-01-06 17:08:25
 McCormick Fine Garlic Powder, 21 oz                                                                                                                                                                               |              1 |        9.34 | 2023-09-07 00:10:40     | 2023-09-07 00:10:40
 Neosporin Original First Aid Antibiotic Ointment with Bacitracin Zinc For Infection Protection, Wound Care Treatment & Scar Appearance Minimizer for Minor Cuts, Scrapes and Burns,.5 oz                          |              2 |        9.26 | 2024-06-19 01:31:24.245 | 2024-06-19 01:47:19
 SKYLA HOMES Baby Locks (8-Pack) Child Safety Cabinet Proofing - Safe Quick and Easy 3M Adhesive Cabinet Drawer Door Latches No Screws & Magnets Multi-Purpose for Furniture Kitchen Ovens Toilet Seats            |              1 |        9.22 | 2025-11-25 00:25:37     | 2025-11-25 00:25:37
 Plano Molding 114-002 13-Inch Compact Tool Box, Graphite Gray with Black Handle and Latches                                                                                                                       |              1 |        9.19 | 2024-08-26 12:46:07     | 2024-08-26 12:46:07
 Scrub Daddy Sponge Holder Daddy Caddy - Sponge Holder for Kitchen Sink - Sponge Caddy and Kitchen Organizer with Suction Cups - Self Draining & Dishwasher Safe (1 Count)                                         |              1 |        9.14 | 2025-07-09 14:33:30     | 2025-07-09 14:33:30
 Premom Pregnancy Test Strips- 30 Pack Early Detection Pregnancy Test Kit Powered by Premom Ovulation Predictor iOS and Android APP                                                                                |              1 |        9.00 | 2024-01-14 15:16:56     | 2024-01-14 15:16:56
 Amazon Basics Classic Notebook, Line Ruled, 240 Pages, Black, Hardcover, 5 x 8.25-Inch                                                                                                                            |              1 |        8.81 | 2024-02-13 17:56:07     | 2024-02-13 17:56:07
 Body Face Chunky Glitter Gel: Pink White Silver Face Sparkles Glitter Gel Makeup for Singer Concerts Disco Festival Rave Accessories 150ml Chunky Sequins Mermaid Face Body Hair Glitter Gel                      |              1 |        8.68 | 2024-05-13 15:27:01     | 2024-05-13 15:27:01
 Ubbi Lavender Scented Absorbing Gel Value Pack - 3 Count Diaper Pail Odor Control for Baby Nursery                                                                                                                |              1 |        8.68 | 2025-03-20 01:12:32     | 2025-03-20 01:12:32
 xo, Fetti Rose Gold Glitter Bachelorette Party Sash - Bride To Be | Bachelorette Party Decorations, Bridal Shower, Bride Gift                                                                                     |              1 |        8.68 | 2023-05-30 14:28:17     | 2023-05-30 14:28:17
 AstroAI 2 Pack Pencil Tire Pressure Gauge (10-75PSI) Stainless Steel Body and Metal Made Nozzle 3 Measurements for Vehicles                                                                                       |              1 |        8.68 | 2023-01-19 17:37:08     | 2023-01-19 17:37:08
 KIWIFOTOS Adhesive Headphone Holder, PC Gaming Headset Hook Hanger Headphone Stand Mount, with 360 Adjustable Rotating Arm Clamp & Cable Organizer - White                                                        |              1 |        8.68 | 2023-11-24 15:54:09     | 2023-11-24 15:54:09
 Anker Cable [2-Pack, 3ft] Premium Nylon USB A to Type C Charger Cable, for Samsung Galaxy S10 / S10+ / Note 9, LG V30 and More (USB 2.0, Black)                                                                   |              1 |        8.68 | 2024-07-24 15:25:06     | 2024-07-24 15:25:06
 Clearasil Stubborn Acne Control 5in1 Daily Facial Cleansing Pads, with Salicylic Acid Acne Treatment Medicine, 90 Count                                                                                           |              1 |        8.61 | 2023-12-12 03:06:24     | 2023-12-12 03:06:24
 Renu Contact Lens Solution Multipurpose Disinfectant, Advanced Formula Lens Cleaner, Cleans & Moisturizes Soft & Silicon Hydrogel Lenses, 12 Fl Oz                                                                |              1 |        8.58 | 2024-07-26 12:08:49     | 2024-07-26 12:08:49
 Amazon Basic Care Naproxen Sodium Tablets, 200 Count (Pack of 1) (Packaging may vary)                                                                                                                             |              1 |        8.49 | 2025-09-01 23:55:46     | 2025-09-01 23:55:46
 Glad for Kids Unicorn Paper Disposable Bibs with Crumb Catcher for Feeding - Absorbent and Leakproof Eating and Travel Must Haves for Mess-Free Meals, 30 Count                                                   |              1 |        8.36 | 2025-08-30 23:56:49     | 2025-08-30 23:56:49
 Vesuvio Napoli BABY BLUE Solid Color Hankerchief Pocket Square Hanky Men's Handkerchiefs                                                                                                                          |              1 |        8.36 | 2024-05-17 20:00:15     | 2024-05-17 20:00:15
 Amazon Basics Reclosable Gallon Food Storage Bags, BPA Free, 120 Count                                                                                                                                            |              1 |        8.32 | 2025-10-21 16:08:03     | 2025-10-21 16:08:03
 GUM Soft-Picks Comfort Flex, Easy to Use Dental Picks for Teeth Cleaning and Gum Health, Disposable Interdental Brushes with Convenient Carry Case, Dentist Recommended Dental Floss Picks, 80ct                  |              1 |        8.30 | 2024-01-27 20:12:46     | 2024-01-27 20:12:46
 Screen Mom Microfiber Cleaning Cloths, 6 Pack                                                                                                                                                                     |              1 |        8.24 | 2023-01-19 16:42:42     | 2023-01-19 16:42:42
 Q-tips Cotton Swabs, 500 Count (Pack of 2)                                                                                                                                                                        |              1 |        7.97 | 2023-03-18 21:05:38     | 2023-03-18 21:05:38
 Resolve Pet Specialist Urine Destroyer Spray - Pet Stain & Odor Remover, Carpet Cleaner Solution for Cat and Dog Urine, 22 Fl Oz                                                                                  |              1 |        7.89 | 2025-07-09 14:33:30     | 2025-07-09 14:33:30
 Command Bath Large Towel Hook Value Pack, Clear Frosted, 3-Large Hooks, 3-Water-Resistant Strips, Organize Damage-Free                                                                                            |              1 |        7.83 | 2025-06-06 01:51:49     | 2025-06-06 01:51:49
 GANA Wii to HDMI Converter Adapter with Hdmi Cable Connect Wii Console to HDMI Display in 1080p Output Video with 3.5mm Audio Supports All Wii Display Modes White                                                |              1 |        7.59 | 2025-03-15 01:05:03     | 2025-03-15 01:05:03
 CENTRAL 23 Funny Birthday Cards For Men - Statistics Show People Who Have The Most Birthday Live The Most - Birthday Cards For Son - Math Geek - Comes With Fun Stickers                                          |              1 |        7.59 | 2024-12-13 20:36:46     | 2024-12-13 20:36:46
 JZMYXA 2-Pack Glass Spice Jars Set, With Spice Labels, Chalk Marker, Funnel, Shaker Lids and Airtight Metal Caps Included, 4oz Empty Spice Bottles, Square/Cylinder (Cylinder)                                    |              1 |        7.59 | 2023-01-21 14:14:09     | 2023-01-21 14:14:09
 24 PCS Bride to Be Cupcake Toppers with Heart Ring Dress Bridal Shower Cupcake Picks Wedding Engagement Bachelorette Party Cake Decorations Supplies                                                              |              1 |        7.59 | 2023-05-30 14:28:17     | 2023-05-30 14:28:17
 Arezzaa Funny 1st Anniversary Card - 365 Days Married Husband Wife Him Her 1 Year Wedding, 5 x 7 inches                                                                                                           |              1 |        7.59 | 2023-10-28 20:59:16     | 2023-10-28 20:59:16
 Funny Birthday Card Dog Pet Theme Perfect For The Owner Lover Mum Dad Husband Boyfriend From Your Furry Bestest Friend                                                                                            |              1 |        7.59 | 2023-12-08 16:44:50     | 2023-12-08 16:44:50
 Ailun Privacy Screen Protector for iPhone 12 Pro Max 2020 [6.7 Inch] 2Pack Anti Spy Private Case Friendly Tempered Glass [Black][2 Pack]                                                                          |              1 |        7.59 | 2024-03-09 02:49:52     | 2024-03-09 02:49:52
 ICHRATI Boy Mom Birthday Gifts First Time Mothers Day Best New Moms ever Gift Idea for Women New Moms 1st Mother's Day Present in My Boy Mom Era Blue Keychain for Christmas Thanksgiving from Son Kids           |              1 |        7.59 | 2025-05-05 00:28:54     | 2025-05-05 00:28:54
 Sharps Container Large - Sharps Containers for Home Use and Labs - Portable Needle Disposal and Travel Size Biohazard Bin - 1 Quart (Pack of 1)                                                                   |              1 |        7.59 | 2025-09-12 21:00:57     | 2025-09-12 21:00:57
 Ailun 3 Pack Screen Protector for iPhone 16 Pro Max [6.9 inch] with Installation Frame, Tempered Glass, Sensor Protection, Dynamic Island Compatible, Case Friendly                                               |              1 |        7.58 | 2025-08-24 15:59:09     | 2025-08-24 15:59:09
 Vsagier 4 Pairs Replacement Ear Tips for AirPods Pro and AirPods Pro 2 with Noise Reduction Hole, Non-Slip Soft Silicone Ear Tips for AirPods Pro and Fit in The Charging Case(XS/S/M/L)                          |              2 |        7.58 | 2025-04-29 01:53:17     | 2025-07-21 15:00:32
 Scotch-Brite Deep Clean Brush, For Tile Floors and Walls, Shower Doors, Tubs, and More                                                                                                                            |              1 |        7.33 | 2024-10-11 20:33:24     | 2024-10-11 20:33:24
 Neosporin Original First Aid Triple Antibiotic Ointment, Bacitracin Zinc & Neomycin Sulfate Infection Protection, Wound Care Treatment & Scar Appearance Minimizer for Minor Cuts, Scrapes & Burns, 1 oz          |              1 |        7.20 | 2025-10-09 01:31:03     | 2025-10-09 01:31:03
 DadyMart Shower Curtain Hooks Rings Rust Resistant Double Glide Rollers Curtain Rods for Bathroom, Set of 12, Nickel, Metal                                                                                       |              1 |        7.16 | 2023-07-14 19:41:47     | 2023-07-14 19:41:47
 Amazon Basics Antiseptic Mouthwash, Blue Mint, 1 Litre, 33.8 Fluid Ounces, 1-Pack (Previously Solimo)                                                                                                             |              1 |        6.85 | 2024-05-14 15:26:25     | 2024-05-14 15:26:25
 Smnwinsl Funny Birthday Card for Him/Her,Birthday Card for Friends,Humorous Birthday Card for Son Daughter Sister Brother Best Friend,Rude That You're Younger Than Me But Ok                                     |              1 |        6.83 | 2023-12-08 16:44:50     | 2023-12-08 16:44:50
 We're Pregnant! The First Time Dad's Pregnancy Handbook                                                                                                                                                           |              1 |        6.62 | 2024-08-21 17:39:31     | 2024-08-21 17:39:31
 NewEleven Gifts For Women - Wedding Anniversary Card For Wife, Husband, Couple - Romanic Love Gifts For Boyfriend From Girlfriend, Her - Greeting Card                                                            |              1 |        6.51 | 2025-10-30 02:24:02     | 2025-10-30 02:24:02
 Ithmahco Valentines Day Gifts For Her, Funny Valentines Day Card From Dog, Funny Valentine Cards, Valentines Day Cards For Her, Valentines Day Gifts For Girlfriend Wife                                          |              1 |        6.51 | 2025-02-12 13:49:59     | 2025-02-12 13:49:59
 OHOME Summer Stickers | 100 PCS Hawaiian Beach Stickers for Kids - Vinyl Summer Games Toys Gifts Activities Party Favors Supplies - Tropical Crafts Bulk for Classroom Home - Travel Essential for Kids           |              1 |        6.51 | 2025-07-09 14:33:30     | 2025-07-09 14:33:30
 Huukein White USB C Cable 10 ft, Long USB A to USB C Cable Fast Charging, USBC Charger Cord Braided Compatible with iPhone 16 15 Pro Max Plus, for Samsung Galaxy S21 Note 10, Pixel                              |              1 |        6.51 | 2024-10-28 18:28:04     | 2024-10-28 18:28:04
 A+D Overnight Healing Diaper Rash Ointment - Soothes, Protects & Relieves Diaper Rash Overnight with Lavender & Colloidal Oatmeal - Healing Ointment for Red, Itchy, Irritated Skin - 3.6oz                       |              1 |        6.48 | 2024-10-23 01:48:23     | 2024-10-23 01:48:23
 Sleazy Greetings Mother's Day Card For Mom From Kids Daughter Son | Funny Birthday New Baby Mommy Shark                                                                                                           |              1 |        6.46 | 2024-12-13 20:36:46     | 2024-12-13 20:36:46
 Sellers Publishing RSVP Cool Mom, Hot Wife Checklist Humorous : Funny Mother's Day Card for Wife                                                                                                                  |              1 |        6.45 | 2025-04-29 01:53:17     | 2025-04-29 01:53:17
 Dapple Baby Bottle Soap, Hypoallergenic Dish Soap for Baby Bottles, Powered by Plants, Travel Size, Fragrance Free, 3 Fl Oz (Pack of 2)                                                                           |              1 |        6.40 | 2025-02-02 21:02:34     | 2025-02-02 21:02:34
 Scunci Value Pack No Damage Scrunchies - 10 Pcs.                                                                                                                                                                  |              1 |        6.37 | 2024-02-29 15:33:22     | 2024-02-29 15:33:22
 Hallmark Funny Birthday Card for Wife (Really Mean It)                                                                                                                                                            |              1 |        6.07 | 2025-12-18 00:11:16     | 2025-12-18 00:11:16
 AIDEA Microfiber Cleaning Cloths-8PK, Soft Absorbent Cloth, Lint/Streak Free Towels for Cars, House, Kitchen, Window Gifts(12in.x16in.)-8PK                                                                       |              1 |        6.00 | 2023-11-24 15:54:09     | 2023-11-24 15:54:09
 Key Fob Battery Replacement for Hyundai Elantra (2007-2024 Hyundai Elantra, CR2032 Remote Battery Pack of 2) Powered by BatteryGuru                                                                               |              1 |        5.96 | 2024-09-14 14:18:00     | 2024-09-14 14:18:00
 CURAD Alcohol Prep Pads (Pack of 4 Boxes) | 400 Pieces of Medium Isopropyl Wipes Individually Wrapped | First Aid Swabs for Cuts & Scrapes | Medical Pads for General Cleansing                                   |              1 |        5.59 | 2025-12-22 14:46:58     | 2025-12-22 14:46:58
 Band-Aid Brand Cushion Care Non-Stick Gauze Pads, Individually-Wrapped, Medium, 3 in x 3 in, 25 Count (Pack of 1)                                                                                                 |              2 |        5.47 | 2024-06-19 01:31:24.245 | 2024-06-19 01:47:19
 Paper Mate Clearpoint Mechanical Pencils 0.7mm, HB #2 Pencil Lead, 2 Pencils, School Supplies, Teacher Supplies, Drawing Pencils, Sketching Pencils, 1 Lead Refill Set, 2 Erasers                                 |              1 |        5.44 | 2024-09-14 14:18:00     | 2024-09-14 14:18:00
 Funny Mothers Day Card for Mom Wife Grandma, Happy Mother's Day Card Gifts from Daughter Son, Sweet Birthday Card for Women Her, Unique Mom Birthday Gift                                                         |              1 |        5.42 | 2025-04-29 01:53:17     | 2025-04-29 01:53:17
 Funko Pop Sayings: Britney Spears - Oops, I Did It Again - Collectable Vinyl Figure - Gift Idea - Official Merchandise - Toys for Kids & Adults - Music Fans - Model Figure for Collectors and Display            |              1 |        5.28 | 2025-11-13 19:20:52     | 2025-11-13 19:20:52
 Amazon Basics Basket Coffee Filters for 8-12 Cup Coffee Makers, White, 200 Count                                                                                                                                  |              2 |        5.14 | 2024-03-29 22:23:49     | 2026-01-05 16:09:00
 ZyvSyldrin Funny Birthday Card for Mom, Mom Birthday Card for Mother Wife Her, Thank you Card for Grandma Stepmom, Cute Greeting Card for Parents, Mother's Day Card from Kids                                    |              1 |        4.99 | 2025-12-18 00:11:16     | 2025-12-18 00:11:16
 Munchkin Snack Catcher Toddler Snack Cups, No Spill, 2 Pack, Blue/Green                                                                                                                                           |              1 |        4.77 | 2025-10-23 17:30:35     | 2025-10-23 17:30:35
 Lysol Power Toilet Bowl Cleaner Gel, For Cleaning and Disinfecting, Stain Removal, 24 Fl oz (2-pack),Packaging may vary                                                                                           |              1 |        4.67 | 2024-07-24 15:25:06     | 2024-07-24 15:25:06
 Dramamine All Day Less Drowsy Motion Sickness Relief | 8 Count                                                                                                                                                    |              1 |        3.97 | 2023-02-08 16:11:12     | 2023-02-08 16:11:12
 Safety 1st Electrical Outlet Baby Proof Covers, Secure Outlet Plugs, Baby Proofing, 36 Count                                                                                                                      |              1 |        3.79 | 2025-08-15 14:07:08     | 2025-08-15 14:07:08
 Band-Aid Brand First Aid Hurt-Free Medical Adhesive Paper Tape for Wound Dressings, 1 in by 10 yd                                                                                                                 |              1 |        3.59 | 2023-11-24 15:54:09     | 2023-11-24 15:54:09
 Band-Aid Brand Flexible Fabric Adhesive Bandages, Comfortable Sterile Protection & Wound Care for Minor Cuts & Burns, Quilt-Aid Technology to Cushion Painful Wounds, Assorted Sizes, 30 ct                       |              1 |        3.58 | 2024-06-19 01:47:19     | 2024-06-19 01:47:19
 Band-Aid Brand First Aid Water Block 100% Waterproof Self-Adhesive Tape Roll for Durable Wound Care to Firmly Secure Bandages, 1 in by 10 yd                                                                      |              2 |        3.58 | 2024-06-19 01:31:24.245 | 2024-06-19 01:47:19
 Command Medium Designer Hooks, Damage Free Hanging Wall Hooks with Adhesive Strips, No Tools Wall Hooks for Decorations in Living Spaces, 2 White Hooks and 4 Command Strips                                      |              1 |        3.56 | 2024-10-10 12:07:13     | 2024-10-10 12:07:13
 Amazon Basics Cotton Swabs, 500 Count                                                                                                                                                                             |              1 |        3.47 | 2024-02-29 15:33:22     | 2024-02-29 15:33:22
 Cauliflower                                                                                                                                                                                                       |              1 |        2.49 | 2025-09-04 20:11:01     | 2025-09-04 20:11:01
 GRIN Fine Flosspyx, Floss Picks, 75 Count, Dental Flossers, Minty Flavor, Recycled Plastic, Super Strong Fine Floss, Tight Teeth, Premium Longer Floss Head, Includes Safe Fold-Back Tooth Pick                   |              1 |        2.43 | 2024-10-08 16:22:00     | 2024-10-08 16:22:00
 GRIN Double Flosspyx, Floss Picks, 75 Count, Dental Flossers, Minty Flavor, Recycled Plastic, 2 Lines of Strong Floss, Longer Floss Head, Traps Food and Plaque, Includes Safe Soft Fold-Back Tooth Pick          |              1 |        2.43 | 2024-10-08 16:22:00     | 2024-10-08 16:22:00
 Amazon Grocery, 100% Whole Wheat Hot Dog Buns, 15 Oz, 8 Ct (Previously Happy Belly, Packaging May Vary)                                                                                                           |              1 |        0.70 | 2025-09-04 20:11:01     | 2025-09-04 20:11:01
 Wicked (Original Cast Recording)[Green/Black 2 LP]                                                                                                                                                                |              1 |        0.00 | 2024-12-12 16:21:23     | 2024-12-12 16:21:23
 Opti-Free Contact Lens Case, 1 Pack                                                                                                                                                                               |              1 |        0.00 | 2024-07-26 12:06:10.501 | 2024-07-26 12:06:10.501
 Philips Sonicare ProtectiveClean 5300 Rechargeable Electric Toothbrush, with Pressure Sensor, 3 Cleaning Modes, SmarTimer and QuadPacer, with 2 Bonus Brush Heads, Travel Case, Black, Model HX6423/34            |              1 |        0.00 | 2024-12-02 02:26:42     | 2024-12-02 02:26:42
 Anker USB C Charger Cable (6ft 100W, 2Pack), USB 2.0 Type C Fast Charging Cable for iPhone 15 / 15Pro / 15Plus / 15ProMax MacBook Pro 2020, iPad Pro 2020, iPad Air 4, Samsung Galaxy S23+/S23 Ultra              |              1 |        0.00 | 2023-12-01 14:59:27     | 2023-12-01 14:59:27
 Band-Aid Brand Flexible Fabric Adhesive Bandages for Wound Care & First Aid, Assorted Sizes, 100 ct                                                                                                               |              1 |        0.00 | 2024-06-19 01:31:24.245 | 2024-06-19 01:31:24.245
 Amazon Baby Registry Welcome Box                                                                                                                                                                                  |              1 |        0.00 | 2024-07-11 23:04:10     | 2024-07-11 23:04:10
(308 rows)

